{
    "TRAPPIST-1 b": {
        "pareto_front": [
            {
                "objectives": {
                    "interior_score": 0.8882777081879367,
                    "surface_score": 1.31605481729562
                },
                "variables": {
                    "alpha": 0.5838675093540214,
                    "beta": 0.4214648244485672,
                    "delta": 0.10975397841329129,
                    "gamma": 0.8924037934598225,
                    "C": 0.2302196844893486
                }
            },
            {
                "objectives": {
                    "interior_score": 0.8956415406482412,
                    "surface_score": 1.2745312276522962
                },
                "variables": {
                    "alpha": 0.5973901819013706,
                    "beta": 0.40375974939891085,
                    "delta": 0.18478464419464566,
                    "gamma": 0.8200112917103689,
                    "C": 0.37882993426375666
                }
            },
            {
                "objectives": {
                    "interior_score": 0.891642183220886,
                    "surface_score": 1.2863325527783676
                },
                "variables": {
                    "alpha": 0.5876353900056469,
                    "beta": 0.412835685934623,
                    "delta": 0.16055841541978003,
                    "gamma": 0.839861938471709,
                    "C": 0.3346274944551114
                }
            }
        ]
    },
    "TRAPPIST-1 c": {
        "pareto_front": [
            {
                "objectives": {
                    "interior_score": 1.1695449593932201,
                    "surface_score": 1.2101833314972779
                },
                "variables": {
                    "alpha": 0.0022260443841743372,
                    "beta": 0.9966962035902376,
                    "delta": 0.003997617384831586,
                    "gamma": 0.9980469100814731,
                    "C": 1.6698152372594204
                }
            }
        ]
    },
    "TRAPPIST-1 d": {
        "pareto_front": [
            {
                "objectives": {
                    "interior_score": 0.8848102256373552,
                    "surface_score": 1.0193263980019647
                },
                "variables": {
                    "alpha": 0.11037593336337737,
                    "beta": 0.8877491810189543,
                    "delta": 0.0020310652465337945,
                    "gamma": 0.9989186174596262,
                    "C": 0.01940963421678335
                }
            }
        ]
    },
    "TRAPPIST-1 e": {
        "pareto_front": [
            {
                "objectives": {
                    "interior_score": 0.9012509791634221,
                    "surface_score": 0.8994825282797739
                },
                "variables": {
                    "alpha": 0.8315015909384904,
                    "beta": 0.174549758585629,
                    "delta": 0.0031787336098575932,
                    "gamma": 0.999837148131325,
                    "C": 0.004237412899686968
                }
            }
        ]
    },
    "TRAPPIST-1 f": {
        "pareto_front": [
            {
                "objectives": {
                    "interior_score": 0.9529694633992759,
                    "surface_score": 0.7989903842620281
                },
                "variables": {
                    "alpha": 0.8467454009569819,
                    "beta": 0.1542405738658032,
                    "delta": 0.804405598630717,
                    "gamma": 0.20125361348853482,
                    "C": 1.2349961122175133
                }
            },
            {
                "objectives": {
                    "interior_score": 0.937493443024238,
                    "surface_score": 0.7987639000183454
                },
                "variables": {
                    "alpha": 0.8152332507997402,
                    "beta": 0.1829294072449262,
                    "delta": 0.8325326184672585,
                    "gamma": 0.17439709070247328,
                    "C": 1.3275861883034235
                }
            }
        ]
    },
    "TRAPPIST-1 g": {
        "pareto_front": [
            {
                "objectives": {
                    "interior_score": 1.1276750263922644,
                    "surface_score": 1.0970198717247597
                },
                "variables": {
                    "alpha": 0.9866280494294514,
                    "beta": 0.006873978303594687,
                    "delta": 1.091954449156927,
                    "gamma": 0.005230854598821431,
                    "C": 1.1473687300055961
                }
            },
            {
                "objectives": {
                    "interior_score": 1.122274907067573,
                    "surface_score": 1.0910317500781217
                },
                "variables": {
                    "alpha": 0.962021294558863,
                    "beta": 0.03584902589868694,
                    "delta": 1.0311639291190255,
                    "gamma": 0.006046687591315815,
                    "C": 1.1112070110069947
                }
            },
            {
                "objectives": {
                    "interior_score": 1.1176179365104075,
                    "surface_score": 1.0860609615386947
                },
                "variables": {
                    "alpha": 0.9398291042816046,
                    "beta": 0.05921755828989671,
                    "delta": 0.9945180136233444,
                    "gamma": 0.01094234794556115,
                    "C": 1.0970229404694538
                }
            },
            {
                "objectives": {
                    "interior_score": 1.1233795251793643,
                    "surface_score": 1.0899372396261984
                },
                "variables": {
                    "alpha": 0.9652617056366324,
                    "beta": 0.026350138113889254,
                    "delta": 1.0425250845094973,
                    "gamma": 0.012938914705546655,
                    "C": 1.1196786109556445
                }
            },
            {
                "objectives": {
                    "interior_score": 1.1258069797658388,
                    "surface_score": 1.0943131234330468
                },
                "variables": {
                    "alpha": 0.9776718812248294,
                    "beta": 0.01597806218381965,
                    "delta": 1.0641925729452715,
                    "gamma": 0.005501845744496921,
                    "C": 1.1284414869535067
                }
            },
            {
                "objectives": {
                    "interior_score": 1.1191308543494174,
                    "surface_score": 1.0887210781667214
                },
                "variables": {
                    "alpha": 0.9471110190624287,
                    "beta": 0.05173793367699438,
                    "delta": 1.0119660337959988,
                    "gamma": 0.007665465114997707,
                    "C": 1.1076868296255609
                }
            },
            {
                "objectives": {
                    "interior_score": 1.1131179833620852,
                    "surface_score": 1.0884166248728162
                },
                "variables": {
                    "alpha": 0.915754079503194,
                    "beta": 0.07686776935053699,
                    "delta": 0.9993181037954549,
                    "gamma": 0.004848858243261102,
                    "C": 1.1312975295179508
                }
            }
        ]
    },
    "TRAPPIST-1 h": {
        "pareto_front": [
            {
                "objectives": {
                    "interior_score": 0.795585232061569,
                    "surface_score": 0.6652913657288593
                },
                "variables": {
                    "alpha": 0.23311514313985418,