{
    "Earth1.01": {
        "pareto_front": [
            {
                "objectives": {
                    "interior_score": 1.01,
                    "surface_score": 1.01
                },
                "variables": {
                    "alpha": 0.4583556472845121,
                    "beta": 0.5416443527154878,
                    "delta": 0.38226955660933915,
                    "gamma": 0.617730443390661,
                    "C": 0.8340020655882864
                }
            }
        ]
    }
}